label,limit_threshold,bandwidth_refill,compute_ceiling,max_boost,decay,adjust_interval,slo_rate,ir_gt_1,ir_gt_1_25,ir_gt_1_5,limited_ratio,drop_rate,limiter_events_per_task,score,signature
C271,1.1,1.0,1.2,1.4,0.02,12,0.5263157894736842,0.42857142857142855,0.008928571428571428,0.0,0.04736842105263158,0.46842105263157896,257.0736842105263,-0.16015037593984965,lt=1.100 | br=1.000 | cc=1.200 | mb=1.400 | dec=0.020 | adj=12
C205,1.05,1.0,1.3,1.4,0.01,12,0.5210526315789473,0.41284403669724773,0.0,0.0,0.05789473684210526,0.4789473684210526,321.8263157894737,-0.16021245774987936,lt=1.050 | br=1.000 | cc=1.300 | mb=1.400 | dec=0.010 | adj=12
C194,1.05,1.0,1.2,1.2,0.01,16,0.5263157894736842,0.4375,0.008928571428571428,0.0,0.06315789473684211,0.47368421052631576,325.3,-0.17960526315789477,lt=1.050 | br=1.000 | cc=1.200 | mb=1.200 | dec=0.010 | adj=16
C165,1.05,0.7,1.4,1.4,0.01,12,0.5263157894736842,0.4642857142857143,0.017857142857142856,0.0,0.06315789473684211,0.47368421052631576,366.0842105263158,-0.20639097744360907,lt=1.050 | br=0.700 | cc=1.400 | mb=1.400 | dec=0.010 | adj=12
C286,1.1,1.0,1.4,1.4,0.01,16,0.531578947368421,0.48214285714285715,0.017857142857142856,0.0,0.06842105263157895,0.46842105263157896,339.6,-0.21898496240601506,lt=1.100 | br=1.000 | cc=1.400 | mb=1.400 | dec=0.010 | adj=16
C260,1.1,0.85,1.4,1.2,0.02,16,0.5105263157894737,0.45871559633027525,0.01834862385321101,0.009174311926605505,0.06842105263157895,0.4842105263157895,354.8578947368421,-0.22450507001448575,lt=1.100 | br=0.850 | cc=1.400 | mb=1.200 | dec=0.020 | adj=16
C154,1.05,0.7,1.3,1.2,0.01,16,0.5157894736842106,0.46788990825688076,0.0,0.0,0.07368421052631578,0.4842105263157895,404.0578947368421,-0.23104780299372282,lt=1.050 | br=0.700 | cc=1.300 | mb=1.200 | dec=0.010 | adj=16
C179,1.05,0.85,1.3,1.2,0.02,12,0.5210526315789473,0.4818181818181818,0.0,0.0,0.06315789473684211,0.4789473684210526,357.33684210526314,-0.23181818181818187,lt=1.050 | br=0.850 | cc=1.300 | mb=1.200 | dec=0.020 | adj=12
C215,1.05,1.0,1.4,1.4,0.02,12,0.5157894736842106,0.46788990825688076,0.027522935779816515,0.009174311926605505,0.07894736842105263,0.4842105263157895,432.5210526315789,-0.23367938194109122,lt=1.050 | br=1.000 | cc=1.400 | mb=1.400 | dec=0.020 | adj=12
C284,1.1,1.0,1.4,1.2,0.02,16,0.5210526315789473,0.4818181818181818,0.01818181818181818,0.00909090909090909,0.07368421052631578,0.4789473684210526,387.2578947368421,-0.2370813397129187,lt=1.100 | br=1.000 | cc=1.400 | mb=1.200 | dec=0.020 | adj=16
C214,1.05,1.0,1.4,1.4,0.01,16,0.5210526315789473,0.4909090909090909,0.0,0.0,0.05789473684210526,0.4789473684210526,302.3315789473684,-0.23827751196172253,lt=1.050 | br=1.000 | cc=1.400 | mb=1.400 | dec=0.010 | adj=16
C171,1.05,0.85,1.2,1.2,0.02,12,0.5157894736842106,0.4818181818181818,0.00909090909090909,0.0,0.06315789473684211,0.4842105263157895,343.17894736842106,-0.23971291866028704,lt=1.050 | br=0.850 | cc=1.200 | mb=1.200 | dec=0.020 | adj=12
C230,1.1,0.7,1.3,1.4,0.01,16,0.5157894736842106,0.4818181818181818,0.0,0.0,0.06315789473684211,0.4842105263157895,329.65263157894736,-0.23971291866028704,lt=1.100 | br=0.700 | cc=1.300 | mb=1.400 | dec=0.010 | adj=16
C149,1.05,0.7,1.2,1.4,0.01,12,0.5052631578947369,0.46788990825688076,0.009174311926605505,0.009174311926605505,0.06842105263157895,0.48947368421052634,375.7526315789474,-0.24157411878319654,lt=1.050 | br=0.700 | cc=1.200 | mb=1.400 | dec=0.010 | adj=12
C238,1.1,0.7,1.4,1.4,0.01,16,0.5052631578947369,0.46296296296296297,0.018518518518518517,0.009259259259259259,0.07894736842105263,0.48947368421052634,423.5105263157895,-0.24191033138401558,lt=1.100 | br=0.700 | cc=1.400 | mb=1.400 | dec=0.010 | adj=16
C193,1.05,1.0,1.2,1.2,0.01,12,0.5210526315789473,0.4954954954954955,0.009009009009009009,0.0,0.06842105263157895,0.47368421052631576,356.92105263157896,-0.2454954954954955,lt=1.050 | br=1.000 | cc=1.200 | mb=1.200 | dec=0.010 | adj=12
C232,1.1,0.7,1.3,1.4,0.02,16,0.5052631578947369,0.46788990825688076,0.01834862385321101,0.009174311926605505,0.07894736842105263,0.48947368421052634,423.85263157894735,-0.24683727667793337,lt=1.100 | br=0.700 | cc=1.300 | mb=1.400 | dec=0.020 | adj=16
C196,1.05,1.0,1.2,1.2,0.02,16,0.5052631578947369,0.4766355140186916,0.009345794392523364,0.009345794392523364,0.06315789473684211,0.48947368421052634,364.94736842105266,-0.24768814559763896,lt=1.050 | br=1.000 | cc=1.200 | mb=1.200 | dec=0.020 | adj=16
C204,1.05,1.0,1.3,1.2,0.02,16,0.5157894736842106,0.48623853211009177,0.0,0.0,0.07368421052631578,0.4842105263157895,401.5263157894737,-0.24939642684693383,lt=1.050 | br=1.000 | cc=1.300 | mb=1.200 | dec=0.020 | adj=16
C176,1.05,0.85,1.2,1.4,0.02,16,0.5263157894736842,0.5225225225225225,0.0,0.0,0.03684210526315789,0.47368421052631576,206.46315789473684,-0.25146989094357514,lt=1.050 | br=0.850 | cc=1.200 | mb=1.400 | dec=0.020 | adj=16
C252,1.1,0.85,1.3,1.2,0.02,16,0.5,0.4672897196261682,0.028037383177570093,0.009345794392523364,0.07368421052631578,0.49473684210526314,421.86315789473684,-0.2515002459419577,lt=1.100 | br=0.850 | cc=1.300 | mb=1.200 | dec=0.020 | adj=16
C275,1.1,1.0,1.3,1.2,0.02,12,0.5105263157894737,0.4954128440366973,0.027522935779816515,0.0,0.05789473684210526,0.4842105263157895,325.4894736842105,-0.25593915982617094,lt=1.100 | br=1.000 | cc=1.300 | mb=1.200 | dec=0.020 | adj=12
C169,1.05,0.85,1.2,1.2,0.01,12,0.5210526315789473,0.5089285714285714,0.03571428571428571,0.008928571428571428,0.06315789473684211,0.47368421052631576,398.59473684210525,-0.256296992481203,lt=1.050 | br=0.850 | cc=1.200 | mb=1.200 | dec=0.010 | adj=12
C256,1.1,0.85,1.3,1.4,0.02,16,0.5105263157894737,0.48148148148148145,0.009259259259259259,0.0,0.08421052631578947,0.48947368421052634,443.7263157894737,-0.25779727095516564,lt=1.100 | br=0.850 | cc=1.300 | mb=1.400 | dec=0.020 | adj=16
C148,1.05,0.7,1.2,1.2,0.02,16,0.5157894736842106,0.5,0.02727272727272727,0.0,0.06315789473684211,0.4842105263157895,363.6842105263158,-0.25789473684210523,lt=1.050 | br=0.700 | cc=1.200 | mb=1.200 | dec=0.020 | adj=16
C153,1.05,0.7,1.3,1.2,0.01,12,0.5157894736842106,0.5,0.0,0.0,0.06315789473684211,0.4842105263157895,377.13684210526316,-0.25789473684210523,lt=1.050 | br=0.700 | cc=1.300 | mb=1.200 | dec=0.010 | adj=12
C180,1.05,0.85,1.3,1.2,0.02,16,0.5263157894736842,0.5135135135135135,0.009009009009009009,0.0,0.06842105263157895,0.47368421052631576,368.14736842105265,-0.2582503556187767,lt=1.050 | br=0.850 | cc=1.300 | mb=1.200 | dec=0.020 | adj=16
C268,1.1,1.0,1.2,1.2,0.02,16,0.5210526315789473,0.5135135135135135,0.0,0.0,0.05263157894736842,0.4789473684210526,269.7526315789474,-0.2582503556187767,lt=1.100 | br=1.000 | cc=1.200 | mb=1.200 | dec=0.020 | adj=16
C270,1.1,1.0,1.2,1.4,0.01,16,0.5263157894736842,0.5135135135135135,0.0,0.0,0.06842105263157895,0.47368421052631576,337.0578947368421,-0.2582503556187767,lt=1.100 | br=1.000 | cc=1.200 | mb=1.400 | dec=0.010 | adj=16
C244,1.1,0.85,1.2,1.2,0.02,16,0.5157894736842106,0.4954128440366973,0.0,0.0,0.07368421052631578,0.4842105263157895,355.22105263157897,-0.2585707387735393,lt=1.100 | br=0.850 | cc=1.200 | mb=1.200 | dec=0.020 | adj=16
C226,1.1,0.7,1.3,1.2,0.01,16,0.5210526315789473,0.509090909090909,0.02727272727272727,0.0,0.06315789473684211,0.4789473684210526,340.7263157894737,-0.2590909090909091,lt=1.100 | br=0.700 | cc=1.300 | mb=1.200 | dec=0.010 | adj=16
C192,1.05,0.85,1.4,1.4,0.02,16,0.5157894736842106,0.5045045045045045,0.036036036036036036,0.009009009009009009,0.06315789473684211,0.4789473684210526,356.0842105263158,-0.25976766239924126,lt=1.050 | br=0.850 | cc=1.400 | mb=1.400 | dec=0.020 | adj=16
C175,1.05,0.85,1.2,1.4,0.02,12,0.5157894736842106,0.509090909090909,0.01818181818181818,0.00909090909090909,0.06315789473684211,0.4789473684210526,374.2684210526316,-0.26435406698564584,lt=1.050 | br=0.850 | cc=1.200 | mb=1.400 | dec=0.020 | adj=12
C264,1.1,0.85,1.4,1.4,0.02,16,0.5157894736842106,0.509090909090909,0.0,0.0,0.05789473684210526,0.4842105263157895,319.12105263157895,-0.26435406698564584,lt=1.100 | br=0.850 | cc=1.400 | mb=1.400 | dec=0.020 | adj=16
C243,1.1,0.85,1.2,1.2,0.02,12,0.5105263157894737,0.49074074074074076,0.018518518518518517,0.0,0.07894736842105263,0.48947368421052634,398.2263157894737,-0.2644249512670565,lt=1.100 | br=0.850 | cc=1.200 | mb=1.200 | dec=0.020 | adj=12
C147,1.05,0.7,1.2,1.2,0.02,12,0.5157894736842106,0.5045871559633027,0.03669724770642202,0.0,0.06842105263157895,0.4842105263157895,391.4263157894737,-0.2651134717527764,lt=1.050 | br=0.700 | cc=1.200 | mb=1.200 | dec=0.020 | adj=12
C273,1.1,1.0,1.3,1.2,0.01,12,0.5157894736842106,0.4954128440366973,0.03669724770642202,0.0,0.08947368421052632,0.4842105263157895,438.1736842105263,-0.2664654756156446,lt=1.100 | br=1.000 | cc=1.300 | mb=1.200 | dec=0.010 | adj=12
C223,1.1,0.7,1.2,1.4,0.02,12,0.48947368421052634,0.4672897196261682,0.028037383177570093,0.028037383177570093,0.08421052631578947,0.49473684210526314,438.7631578947368,-0.2672897196261682,lt=1.100 | br=0.700 | cc=1.200 | mb=1.400 | dec=0.020 | adj=12
C200,1.05,1.0,1.2,1.4,0.02,16,0.5105263157894737,0.5,0.037037037037037035,0.0,0.06842105263157895,0.48947368421052634,415.90526315789475,-0.26842105263157895,lt=1.050 | br=1.000 | cc=1.200 | mb=1.400 | dec=0.020 | adj=16
C181,1.05,0.85,1.3,1.4,0.01,12,0.5157894736842106,0.5137614678899083,0.009174311926605505,0.0,0.05789473684210526,0.4842105263157895,336.93684210526317,-0.2690246257846451,lt=1.050 | br=0.850 | cc=1.300 | mb=1.400 | dec=0.010 | adj=12
C266,1.1,1.0,1.2,1.2,0.01,16,0.5105263157894737,0.4954128440366973,0.009174311926605505,0.0,0.07894736842105263,0.48947368421052634,401.2157894736842,-0.269097054563013,lt=1.100 | br=1.000 | cc=1.200 | mb=1.200 | dec=0.010 | adj=16
C262,1.1,0.85,1.4,1.4,0.01,16,0.5263157894736842,0.5315315315315315,0.018018018018018018,0.0,0.05789473684210526,0.47368421052631576,329.0578947368421,-0.2710052157420579,lt=1.100 | br=0.850 | cc=1.400 | mb=1.400 | dec=0.010 | adj=16
C145,1.05,0.7,1.2,1.2,0.01,12,0.5105263157894737,0.5135135135135135,0.02702702702702703,0.018018018018018018,0.05789473684210526,0.4789473684210526,359.8578947368421,-0.2714082503556187,lt=1.050 | br=0.700 | cc=1.200 | mb=1.200 | dec=0.010 | adj=12
C235,1.1,0.7,1.4,1.2,0.02,12,0.5263157894736842,0.5225225225225225,0.009009009009009009,0.0,0.07894736842105263,0.47368421052631576,366.12631578947367,-0.2725225225225225,lt=1.100 | br=0.700 | cc=1.400 | mb=1.200 | dec=0.020 | adj=12
C178,1.05,0.85,1.3,1.2,0.01,16,0.5105263157894737,0.5045871559633027,0.01834862385321101,0.009174311926605505,0.06842105263157895,0.48947368421052634,381.1,-0.2730082085948817,lt=1.050 | br=0.850 | cc=1.300 | mb=1.200 | dec=0.010 | adj=16
C279,1.1,1.0,1.3,1.4,0.02,12,0.5210526315789473,0.5181818181818182,0.00909090909090909,0.0,0.07368421052631578,0.4789473684210526,354.1684210526316,-0.27344497607655505,lt=1.100 | br=1.000 | cc=1.300 | mb=1.400 | dec=0.020 | adj=12
C221,1.1,0.7,1.2,1.4,0.01,12,0.5263157894736842,0.5405405405405406,0.009009009009009009,0.0,0.04736842105263158,0.47368421052631576,265.32105263157894,-0.27475106685633005,lt=1.100 | br=0.700 | cc=1.200 | mb=1.400 | dec=0.010 | adj=12
C161,1.05,0.7,1.4,1.2,0.01,12,0.5105263157894737,0.5,0.045454545454545456,0.00909090909090909,0.08947368421052632,0.4842105263157895,497.42105263157896,-0.2763157894736842,lt=1.050 | br=0.700 | cc=1.400 | mb=1.200 | dec=0.010 | adj=12
C160,1.05,0.7,1.3,1.4,0.02,16,0.5210526315789473,0.5272727272727272,0.0,0.0,0.06315789473684211,0.4789473684210526,329.59473684210525,-0.2772727272727273,lt=1.050 | br=0.700 | cc=1.300 | mb=1.400 | dec=0.020 | adj=16
C201,1.05,1.0,1.3,1.2,0.01,12,0.5052631578947369,0.5045871559633027,0.027522935779816515,0.009174311926605505,0.07368421052631578,0.48947368421052634,424.56315789473683,-0.2809029454369869,lt=1.050 | br=1.000 | cc=1.300 | mb=1.200 | dec=0.010 | adj=12
C157,1.05,0.7,1.3,1.4,0.01,12,0.5157894736842106,0.5181818181818182,0.03636363636363636,0.0,0.07368421052631578,0.4842105263157895,426.0315789473684,-0.2813397129186602,lt=1.050 | br=0.700 | cc=1.300 | mb=1.400 | dec=0.010 | adj=12
C184,1.05,0.85,1.3,1.4,0.02,16,0.5157894736842106,0.5181818181818182,0.0,0.0,0.07368421052631578,0.4842105263157895,395.7736842105263,-0.2813397129186602,lt=1.050 | br=0.850 | cc=1.300 | mb=1.400 | dec=0.020 | adj=16
C236,1.1,0.7,1.4,1.2,0.02,16,0.5,0.49074074074074076,0.027777777777777776,0.018518518518518517,0.08421052631578947,0.5,435.2263157894737,-0.2828460038986355,lt=1.100 | br=0.700 | cc=1.400 | mb=1.200 | dec=0.020 | adj=16
C166,1.05,0.7,1.4,1.4,0.01,16,0.5210526315789473,0.5363636363636364,0.00909090909090909,0.0,0.06315789473684211,0.4789473684210526,379.64736842105265,-0.28636363636363643,lt=1.050 | br=0.700 | cc=1.400 | mb=1.400 | dec=0.010 | adj=16
C261,1.1,0.85,1.4,1.4,0.01,12,0.5105263157894737,0.5185185185185185,0.0,0.0,0.07368421052631578,0.48947368421052634,411.68947368421055,-0.2895711500974658,lt=1.100 | br=0.850 | cc=1.400 | mb=1.400 | dec=0.010 | adj=12
C241,1.1,0.85,1.2,1.2,0.01,12,0.5157894736842106,0.5405405405405406,0.018018018018018018,0.009009009009009009,0.05263157894736842,0.4789473684210526,300.11578947368423,-0.2905405405405405,lt=1.100 | br=0.850 | cc=1.200 | mb=1.200 | dec=0.010 | adj=12
C272,1.1,1.0,1.2,1.4,0.02,16,0.5052631578947369,0.5092592592592593,0.0,0.0,0.07894736842105263,0.49473684210526314,411.5578947368421,-0.29083820662768034,lt=1.100 | br=1.000 | cc=1.200 | mb=1.400 | dec=0.020 | adj=16
C251,1.1,0.85,1.3,1.2,0.02,12,0.5210526315789473,0.5454545454545454,0.0,0.0,0.05789473684210526,0.4789473684210526,303.40526315789475,-0.29282296650717704,lt=1.100 | br=0.850 | cc=1.300 | mb=1.200 | dec=0.020 | adj=12
C190,1.05,0.85,1.4,1.4,0.01,16,0.5210526315789473,0.5454545454545454,0.02727272727272727,0.0,0.06315789473684211,0.4789473684210526,360.0684210526316,-0.29545454545454547,lt=1.050 | br=0.850 | cc=1.400 | mb=1.400 | dec=0.010 | adj=16
C274,1.1,1.0,1.3,1.2,0.01,16,0.5105263157894737,0.5229357798165137,0.009174311926605505,0.0,0.07894736842105263,0.48947368421052634,423.9947368421053,-0.2966199903428295,lt=1.100 | br=1.000 | cc=1.300 | mb=1.200 | dec=0.010 | adj=16
C202,1.05,1.0,1.3,1.2,0.01,16,0.5105263157894737,0.5277777777777778,0.0,0.0,0.07368421052631578,0.48947368421052634,424.6842105263158,-0.2988304093567251,lt=1.050 | br=1.000 | cc=1.300 | mb=1.200 | dec=0.010 | adj=16
C172,1.05,0.85,1.2,1.2,0.02,16,0.5052631578947369,0.5185185185185185,0.018518518518518517,0.009259259259259259,0.08421052631578947,0.48947368421052634,468.4789473684211,-0.30009746588693953,lt=1.050 | br=0.850 | cc=1.200 | mb=1.200 | dec=0.020 | adj=16
C285,1.1,1.0,1.4,1.4,0.01,12,0.5157894736842106,0.5412844036697247,0.01834862385321101,0.009174311926605505,0.06842105263157895,0.4842105263157895,360.62105263157895,-0.3018107194591984,lt=1.100 | br=1.000 | cc=1.400 | mb=1.400 | dec=0.010 | adj=12
C197,1.05,1.0,1.2,1.4,0.01,12,0.5105263157894737,0.5277777777777778,0.018518518518518517,0.0,0.08421052631578947,0.48947368421052634,458.8421052631579,-0.30409356725146197,lt=1.050 | br=1.000 | cc=1.200 | mb=1.400 | dec=0.010 | adj=12
C186,1.05,0.85,1.4,1.2,0.01,16,0.5105263157894737,0.5327102803738317,0.0,0.0,0.07894736842105263,0.48947368421052634,434.4842105263158,-0.3063944909001475,lt=1.050 | br=0.850 | cc=1.400 | mb=1.200 | dec=0.010 | adj=16
C233,1.1,0.7,1.4,1.2,0.01,12,0.5157894736842106,0.5412844036697247,0.009174311926605505,0.0,0.07894736842105263,0.4842105263157895,420.14736842105265,-0.3070738773539352,lt=1.100 | br=0.700 | cc=1.400 | mb=1.200 | dec=0.010 | adj=12
C246,1.1,0.85,1.2,1.4,0.01,16,0.5157894736842106,0.5504587155963303,0.009174311926605505,0.0,0.06315789473684211,0.4842105263157895,336.69473684210527,-0.30835345243843554,lt=1.100 | br=0.850 | cc=1.200 | mb=1.400 | dec=0.010 | adj=16
C269,1.1,1.0,1.2,1.4,0.01,12,0.5,0.5233644859813084,0.028037383177570093,0.009345794392523364,0.07894736842105263,0.49473684210526314,408.7684210526316,-0.31020659124446626,lt=1.100 | br=1.000 | cc=1.200 | mb=1.400 | dec=0.010 | adj=12
C177,1.05,0.85,1.3,1.2,0.01,12,0.5263157894736842,0.5714285714285714,0.026785714285714284,0.0,0.06315789473684211,0.46842105263157896,363.44736842105266,-0.31090225563909774,lt=1.050 | br=0.850 | cc=1.300 | mb=1.200 | dec=0.010 | adj=12
C255,1.1,0.85,1.3,1.4,0.02,12,0.5157894736842106,0.5504587155963303,0.01834862385321101,0.0,0.06842105263157895,0.4842105263157895,378.8421052631579,-0.3109850313858039,lt=1.100 | br=0.850 | cc=1.300 | mb=1.400 | dec=0.020 | adj=12
C152,1.05,0.7,1.2,1.4,0.02,16,0.5105263157894737,0.5412844036697247,0.0,0.0,0.07894736842105263,0.48947368421052634,463.7368421052632,-0.3149686141960405,lt=1.050 | br=0.700 | cc=1.200 | mb=1.400 | dec=0.020 | adj=16
C278,1.1,1.0,1.3,1.4,0.01,16,0.5,0.5327102803738317,0.028037383177570093,0.0,0.07368421052631578,0.49473684210526314,407.5578947368421,-0.3169208066896212,lt=1.100 | br=1.000 | cc=1.300 | mb=1.400 | dec=0.010 | adj=16
C231,1.1,0.7,1.3,1.4,0.02,12,0.5210526315789473,0.5636363636363636,0.00909090909090909,0.0,0.07368421052631578,0.4789473684210526,344.8578947368421,-0.31889952153110046,lt=1.100 | br=0.700 | cc=1.300 | mb=1.400 | dec=0.020 | adj=12
C237,1.1,0.7,1.4,1.4,0.01,12,0.5105263157894737,0.5636363636363636,0.00909090909090909,0.00909090909090909,0.05263157894736842,0.4842105263157895,301.0736842105263,-0.32153110047846883,lt=1.100 | br=0.700 | cc=1.400 | mb=1.400 | dec=0.010 | adj=12
C228,1.1,0.7,1.3,1.2,0.02,16,0.5210526315789473,0.5636363636363636,0.01818181818181818,0.00909090909090909,0.07894736842105263,0.4789473684210526,389.4157894736842,-0.3215311004784689,lt=1.100 | br=0.700 | cc=1.300 | mb=1.200 | dec=0.020 | adj=16
C248,1.1,0.85,1.2,1.4,0.02,16,0.5157894736842106,0.5596330275229358,0.0,0.0,0.07368421052631578,0.4842105263157895,390.87368421052633,-0.3227909222597778,lt=1.100 | br=0.850 | cc=1.200 | mb=1.400 | dec=0.020 | adj=16
C156,1.05,0.7,1.3,1.2,0.02,16,0.5105263157894737,0.5555555555555556,0.009259259259259259,0.009259259259259259,0.07368421052631578,0.4842105263157895,394.1421052631579,-0.3239766081871345,lt=1.050 | br=0.700 | cc=1.300 | mb=1.200 | dec=0.020 | adj=16
C249,1.1,0.85,1.3,1.2,0.01,12,0.49473684210526314,0.5327102803738317,0.028037383177570093,0.018691588785046728,0.07894736842105263,0.49473684210526314,408.69473684210527,-0.3248155435317265,lt=1.100 | br=0.850 | cc=1.300 | mb=1.200 | dec=0.010 | adj=12
C245,1.1,0.85,1.2,1.4,0.01,12,0.48947368421052634,0.5233644859813084,0.018691588785046728,0.018691588785046728,0.08421052631578947,0.5,445.16315789473686,-0.3259960649286767,lt=1.100 | br=0.850 | cc=1.200 | mb=1.400 | dec=0.010 | adj=12
C18,0.95,0.7,1.4,1.2,0.01,16,0.5157894736842106,0.44036697247706424,0.0,0.0,0.32105263157894737,0.4842105263157895,395.70526315789476,-0.3272090777402221,lt=0.950 | br=0.700 | cc=1.400 | mb=1.200 | dec=0.010 | adj=16
C168,1.05,0.7,1.4,1.4,0.02,16,0.49473684210526314,0.5327102803738317,0.018691588785046728,0.009345794392523364,0.08421052631578947,0.49473684210526314,478.5736842105263,-0.3274471224790949,lt=1.050 | br=0.700 | cc=1.400 | mb=1.400 | dec=0.020 | adj=16
C218,1.1,0.7,1.2,1.2,0.01,16,0.5,0.5327102803738317,0.04672897196261682,0.0,0.08947368421052632,0.5,487.2578947368421,-0.3274471224790949,lt=1.100 | br=0.700 | cc=1.200 | mb=1.200 | dec=0.010 | adj=16
C203,1.05,1.0,1.3,1.2,0.02,12,0.5052631578947369,0.5462962962962963,0.018518518518518517,0.009259259259259259,0.08421052631578947,0.48947368421052634,477.1736842105263,-0.3278752436647173,lt=1.050 | br=1.000 | cc=1.300 | mb=1.200 | dec=0.020 | adj=12
C210,1.05,1.0,1.4,1.2,0.01,16,0.5,0.5420560747663551,0.04672897196261682,0.009345794392523364,0.07894736842105263,0.49473684210526314,506.9789473684211,-0.328898180029513,lt=1.050 | br=1.000 | cc=1.400 | mb=1.200 | dec=0.010 | adj=16
C167,1.05,0.7,1.4,1.4,0.02,12,0.5157894736842106,0.5714285714285714,0.03571428571428571,0.017857142857142856,0.07368421052631578,0.47368421052631576,426.93684210526317,-0.3293233082706766,lt=1.050 | br=0.700 | cc=1.400 | mb=1.400 | dec=0.020 | adj=12
C146,1.05,0.7,1.2,1.2,0.01,16,0.48947368421052634,0.5188679245283019,0.018867924528301886,0.0,0.09473684210526316,0.5052631578947369,544.578947368421,-0.32939424031777553,lt=1.050 | br=0.700 | cc=1.200 | mb=1.200 | dec=0.010 | adj=16
C182,1.05,0.85,1.3,1.4,0.01,16,0.49473684210526314,0.5238095238095238,0.06666666666666667,0.0,0.1,0.5052631578947369,628.0368421052632,-0.3317042606516291,lt=1.050 | br=0.850 | cc=1.300 | mb=1.400 | dec=0.010 | adj=16
C287,1.1,1.0,1.4,1.4,0.02,12,0.48947368421052634,0.5188679245283019,0.04716981132075472,0.0,0.1,0.5052631578947369,547.7263157894737,-0.33202581926514396,lt=1.100 | br=1.000 | cc=1.400 | mb=1.400 | dec=0.020 | adj=12
C211,1.05,1.0,1.4,1.2,0.02,12,0.5105263157894737,0.5648148148148148,0.009259259259259259,0.0,0.06842105263157895,0.48947368421052634,390.29473684210524,-0.33323586744639366,lt=1.050 | br=1.000 | cc=1.400 | mb=1.200 | dec=0.020 | adj=12
C240,1.1,0.7,1.4,1.4,0.02,16,0.5105263157894737,0.5648148148148148,0.009259259259259259,0.0,0.06842105263157895,0.48947368421052634,364.6421052631579,-0.33323586744639366,lt=1.100 | br=0.700 | cc=1.400 | mb=1.400 | dec=0.020 | adj=16
C288,1.1,1.0,1.4,1.4,0.02,16,0.5105263157894737,0.5636363636363636,0.00909090909090909,0.00909090909090909,0.07894736842105263,0.4842105263157895,401.8157894736842,-0.3346889952153109,lt=1.100 | br=1.000 | cc=1.400 | mb=1.400 | dec=0.020 | adj=16
C282,1.1,1.0,1.4,1.2,0.01,16,0.49473684210526314,0.5377358490566038,0.018867924528301886,0.018867924528301886,0.08947368421052632,0.5,491.9578947368421,-0.3377358490566038,lt=1.100 | br=1.000 | cc=1.400 | mb=1.200 | dec=0.010 | adj=16
C217,1.1,0.7,1.2,1.2,0.01,12,0.5157894736842106,0.5779816513761468,0.009174311926605505,0.0,0.06842105263157895,0.4842105263157895,374.43684210526317,-0.33850796716562037,lt=1.100 | br=0.700 | cc=1.200 | mb=1.200 | dec=0.010 | adj=12
C208,1.05,1.0,1.3,1.4,0.02,16,0.5052631578947369,0.5596330275229358,0.009174311926605505,0.009174311926605505,0.07894736842105263,0.48947368421052634,411.7,-0.33858039594398837,lt=1.050 | br=1.000 | cc=1.300 | mb=1.400 | dec=0.020 | adj=16
C265,1.1,1.0,1.2,1.2,0.01,12,0.49473684210526314,0.5471698113207547,0.009433962264150943,0.009433962264150943,0.07368421052631578,0.5,397.9736842105263,-0.33927507447864946,lt=1.100 | br=1.000 | cc=1.200 | mb=1.200 | dec=0.010 | adj=12
C78,1.0,0.7,1.2,1.4,0.01,16,0.5368421052631579,0.48214285714285715,0.008928571428571428,0.0,0.3263157894736842,0.4631578947368421,304.0210526315789,-0.3400375939849624,lt=1.000 | br=0.700 | cc=1.200 | mb=1.400 | dec=0.010 | adj=16
C188,1.05,0.85,1.4,1.2,0.02,16,0.5,0.5514018691588785,0.028037383177570093,0.0,0.07894736842105263,0.5,487.43684210526317,-0.3408755533694048,lt=1.050 | br=0.850 | cc=1.400 | mb=1.200 | dec=0.020 | adj=16
C229,1.1,0.7,1.3,1.4,0.01,12,0.5210526315789473,0.5909090909090909,0.00909090909090909,0.0,0.06315789473684211,0.4789473684210526,340.0473684210526,-0.340909090909091,lt=1.100 | br=0.700 | cc=1.300 | mb=1.400 | dec=0.010 | adj=12
C207,1.05,1.0,1.3,1.4,0.02,12,0.5157894736842106,0.5779816513761468,0.009174311926605505,0.0,0.07368421052631578,0.4842105263157895,396.31052631578945,-0.3411395461129888,lt=1.050 | br=1.000 | cc=1.300 | mb=1.400 | dec=0.020 | adj=12
C151,1.05,0.7,1.2,1.4,0.02,12,0.4789473684210526,0.5096153846153846,0.08653846153846154,0.009615384615384616,0.10526315789473684,0.5157894736842106,695.7947368421053,-0.34119433198380567,lt=1.050 | br=0.700 | cc=1.200 | mb=1.400 | dec=0.020 | adj=12
C216,1.05,1.0,1.4,1.4,0.02,16,0.5157894736842106,0.5688073394495413,0.01834862385321101,0.0,0.09473684210526316,0.4842105263157895,468.90526315789475,-0.34249154997585707,lt=1.050 | br=1.000 | cc=1.400 | mb=1.400 | dec=0.020 | adj=16
C170,1.05,0.85,1.2,1.2,0.01,16,0.48947368421052634,0.5377358490566038,0.018867924528301886,0.018867924528301886,0.08947368421052632,0.5,506.60526315789474,-0.34299900695134056,lt=1.050 | br=0.850 | cc=1.200 | mb=1.200 | dec=0.010 | adj=16
C43,0.95,0.85,1.4,1.2,0.02,12,0.5368421052631579,0.4778761061946903,0.0,0.0,0.34210526315789475,0.4631578947368421,293.56315789473683,-0.3436655798789008,lt=0.950 | br=0.850 | cc=1.400 | mb=1.200 | dec=0.020 | adj=12
C189,1.05,0.85,1.4,1.4,0.01,12,0.48947368421052634,0.5333333333333333,0.06666666666666667,0.0,0.08947368421052632,0.5105263157894737,570.9947368421052,-0.343859649122807,lt=1.050 | br=0.850 | cc=1.400 | mb=1.400 | dec=0.010 | adj=12
C50,0.95,1.0,1.2,1.2,0.01,16,0.5263157894736842,0.4642857142857143,0.0,0.0,0.34210526315789475,0.47368421052631576,288.33684210526314,-0.3458646616541354,lt=0.950 | br=1.000 | cc=1.200 | mb=1.200 | dec=0.010 | adj=16
C227,1.1,0.7,1.3,1.2,0.02,12,0.5052631578947369,0.5648148148148148,0.018518518518518517,0.009259259259259259,0.08421052631578947,0.48947368421052634,438.44736842105266,-0.3463937621832358,lt=1.100 | br=0.700 | cc=1.300 | mb=1.200 | dec=0.020 | adj=12
C209,1.05,1.0,1.4,1.2,0.01,12,0.5052631578947369,0.5648148148148148,0.027777777777777776,0.009259259259259259,0.08947368421052632,0.48947368421052634,490.6842105263158,-0.34902534113060424,lt=1.050 | br=1.000 | cc=1.400 | mb=1.200 | dec=0.010 | adj=12
C277,1.1,1.0,1.3,1.4,0.01,12,0.48947368421052634,0.5471698113207547,0.02830188679245283,0.018867924528301886,0.08421052631578947,0.5,476.0842105263158,-0.34980139026812307,lt=1.100 | br=1.000 | cc=1.300 | mb=1.400 | dec=0.010 | adj=12
C183,1.05,0.85,1.3,1.4,0.02,12,0.5210526315789473,0.6036036036036037,0.02702702702702703,0.0,0.05789473684210526,0.4789473684210526,347.5684210526316,-0.3509720246562353,lt=1.050 | br=0.850 | cc=1.300 | mb=1.400 | dec=0.020 | adj=12
C212,1.05,1.0,1.4,1.2,0.02,16,0.5,0.5566037735849056,0.009433962264150943,0.0,0.08947368421052632,0.5,486.29473684210524,-0.35134061569016883,lt=1.050 | br=1.000 | cc=1.400 | mb=1.200 | dec=0.020 | adj=16
C62,0.95,1.0,1.3,1.4,0.01,16,0.5052631578947369,0.44954128440366975,0.01834862385321101,0.01834862385321101,0.33157894736842103,0.4842105263157895,414.12631578947367,-0.35217286335103815,lt=0.950 | br=1.000 | cc=1.300 | mb=1.400 | dec=0.010 | adj=16
C247,1.1,0.85,1.2,1.4,0.02,12,0.49473684210526314,0.5514018691588785,0.009345794392523364,0.009345794392523364,0.09473684210526316,0.5,492.36842105263156,-0.35403344810624693,lt=1.100 | br=0.850 | cc=1.200 | mb=1.400 | dec=0.020 | adj=12
C276,1.1,1.0,1.3,1.2,0.02,16,0.5157894736842106,0.5963302752293578,0.009174311926605505,0.0,0.06315789473684211,0.4842105263157895,345.5578947368421,-0.354225012071463,lt=1.100 | br=1.000 | cc=1.300 | mb=1.200 | dec=0.020 | adj=16
C254,1.1,0.85,1.3,1.4,0.01,16,0.5105263157894737,0.5833333333333334,0.009259259259259259,0.0,0.07368421052631578,0.48947368421052634,407.2105263157895,-0.3543859649122807,lt=1.100 | br=0.850 | cc=1.300 | mb=1.400 | dec=0.010 | adj=16
C101,1.0,0.85,1.2,1.4,0.01,12,0.5210526315789473,0.4594594594594595,0.009009009009009009,0.0,0.35789473684210527,0.4789473684210526,284.30526315789473,-0.35682788051209113,lt=1.000 | br=0.850 | cc=1.200 | mb=1.400 | dec=0.010 | adj=12
C162,1.05,0.7,1.4,1.2,0.01,16,0.5052631578947369,0.5779816513761468,0.03669724770642202,0.0,0.07894736842105263,0.48947368421052634,451.0263157894737,-0.3569290197971994,lt=1.050 | br=0.700 | cc=1.400 | mb=1.200 | dec=0.010 | adj=16
C102,1.0,0.85,1.2,1.4,0.01,16,0.5263157894736842,0.4864864864864865,0.009009009009009009,0.0,0.32105263157894737,0.47368421052631576,347.8157894736842,-0.3575391180654339,lt=1.000 | br=0.850 | cc=1.200 | mb=1.400 | dec=0.010 | adj=16
C97,1.0,0.85,1.2,1.2,0.01,12,0.5210526315789473,0.4636363636363636,0.00909090909090909,0.0,0.3526315789473684,0.4789473684210526,416.5105263157895,-0.3583732057416268,lt=1.000 | br=0.850 | cc=1.200 | mb=1.200 | dec=0.010 | adj=12
C220,1.1,0.7,1.2,1.2,0.02,16,0.5052631578947369,0.5794392523364486,0.056074766355140186,0.0,0.07368421052631578,0.49473684210526314,445.27894736842103,-0.35838662075750116,lt=1.100 | br=0.700 | cc=1.200 | mb=1.200 | dec=0.020 | adj=16
C185,1.05,0.85,1.4,1.2,0.01,12,0.4789473684210526,0.5428571428571428,0.0380952380952381,0.02857142857142857,0.08421052631578947,0.5105263157894737,503.0210526315789,-0.36127819548872175,lt=1.050 | br=0.850 | cc=1.400 | mb=1.200 | dec=0.010 | adj=12
C191,1.05,0.85,1.4,1.4,0.02,12,0.5052631578947369,0.5833333333333334,0.046296296296296294,0.009259259259259259,0.07894736842105263,0.48947368421052634,441.0263157894737,-0.362280701754386,lt=1.050 | br=0.850 | cc=1.400 | mb=1.400 | dec=0.020 | adj=12
C259,1.1,0.85,1.4,1.2,0.02,12,0.5052631578947369,0.5833333333333334,0.009259259259259259,0.009259259259259259,0.07894736842105263,0.48947368421052634,408.5,-0.362280701754386,lt=1.100 | br=0.850 | cc=1.400 | mb=1.200 | dec=0.020 | adj=12
C250,1.1,0.85,1.3,1.2,0.01,16,0.4842105263157895,0.5471698113207547,0.02830188679245283,0.018867924528301886,0.09473684210526316,0.5052631578947369,512.4368421052632,-0.3629592850049652,lt=1.100 | br=0.850 | cc=1.300 | mb=1.200 | dec=0.010 | adj=16
C115,1.0,0.85,1.4,1.2,0.02,12,0.5157894736842106,0.4636363636363636,0.05454545454545454,0.00909090909090909,0.3473684210526316,0.4842105263157895,432.8421052631579,-0.3636363636363636,lt=1.000 | br=0.850 | cc=1.400 | mb=1.200 | dec=0.020 | adj=12
C263,1.1,0.85,1.4,1.4,0.02,12,0.5105263157894737,0.5925925925925926,0.009259259259259259,0.0,0.07368421052631578,0.48947368421052634,375.44736842105266,-0.3636452241715399,lt=1.100 | br=0.850 | cc=1.400 | mb=1.400 | dec=0.020 | adj=12
C267,1.1,1.0,1.2,1.2,0.02,12,0.5210526315789473,0.6090909090909091,0.01818181818181818,0.0,0.07368421052631578,0.4789473684210526,402.7684210526316,-0.364354066985646,lt=1.100 | br=1.000 | cc=1.200 | mb=1.200 | dec=0.020 | adj=12
C234,1.1,0.7,1.4,1.2,0.01,16,0.5,0.5754716981132075,0.009433962264150943,0.0,0.07894736842105263,0.5,428.19473684210527,-0.36494538232373386,lt=1.100 | br=0.700 | cc=1.400 | mb=1.200 | dec=0.010 | adj=16
C219,1.1,0.7,1.2,1.2,0.02,12,0.4842105263157895,0.5566037735849056,0.03773584905660377,0.018867924528301886,0.08421052631578947,0.5052631578947369,498.5263157894737,-0.3671300893743793,lt=1.100 | br=0.700 | cc=1.200 | mb=1.200 | dec=0.020 | adj=12
C239,1.1,0.7,1.4,1.4,0.02,12,0.48947368421052634,0.5566037735849056,0.0660377358490566,0.018867924528301886,0.09473684210526316,0.5052631578947369,533.6526315789474,-0.3671300893743793,lt=1.100 | br=0.700 | cc=1.400 | mb=1.400 | dec=0.020 | adj=12
C283,1.1,1.0,1.4,1.2,0.02,12,0.5,0.5700934579439252,0.018691588785046728,0.009345794392523364,0.1,0.49473684210526314,497.96315789473687,-0.36746187899655675,lt=1.100 | br=1.000 | cc=1.400 | mb=1.200 | dec=0.020 | adj=12
C159,1.05,0.7,1.3,1.4,0.02,12,0.5052631578947369,0.5887850467289719,0.0,0.0,0.07368421052631578,0.49473684210526314,413.4,-0.3677324151500245,lt=1.050 | br=0.700 | cc=1.300 | mb=1.400 | dec=0.020 | adj=12
C164,1.05,0.7,1.4,1.2,0.02,16,0.48947368421052634,0.5523809523809524,0.0761904761904762,0.009523809523809525,0.1,0.5105263157894737,621.1473684210526,-0.3681704260651629,lt=1.050 | br=0.700 | cc=1.400 | mb=1.200 | dec=0.020 | adj=16
C198,1.05,1.0,1.2,1.4,0.01,16,0.5,0.5794392523364486,0.0,0.0,0.07894736842105263,0.5,449.1,-0.3689129365469749,lt=1.050 | br=1.000 | cc=1.200 | mb=1.400 | dec=0.010 | adj=16
C225,1.1,0.7,1.3,1.2,0.01,12,0.5,0.5779816513761468,0.06422018348623854,0.01834862385321101,0.08947368421052632,0.49473684210526314,479.7105263157895,-0.3700869145340415,lt=1.100 | br=0.700 | cc=1.300 | mb=1.200 | dec=0.010 | adj=12
C173,1.05,0.85,1.2,1.4,0.01,12,0.5,0.5833333333333334,0.009259259259259259,0.009259259259259259,0.07894736842105263,0.49473684210526314,476.11052631578946,-0.37017543859649127,lt=1.050 | br=0.850 | cc=1.200 | mb=1.400 | dec=0.010 | adj=12
C155,1.05,0.7,1.3,1.2,0.02,12,0.5105263157894737,0.6018518518518519,0.018518518518518517,0.0,0.06842105263157895,0.48947368421052634,401.5684210526316,-0.37027290448343075,lt=1.050 | br=0.700 | cc=1.300 | mb=1.200 | dec=0.020 | adj=12
C80,1.0,0.7,1.2,1.4,0.02,16,0.5210526315789473,0.4818181818181818,0.00909090909090909,0.0,0.34210526315789475,0.4789473684210526,382.96315789473687,-0.3712918660287082,lt=1.000 | br=0.700 | cc=1.200 | mb=1.400 | dec=0.020 | adj=16
C116,1.0,0.85,1.4,1.2,0.02,16,0.5210526315789473,0.4818181818181818,0.0,0.0,0.34210526315789475,0.4789473684210526,391.0315789473684,-0.3712918660287082,lt=1.000 | br=0.850 | cc=1.400 | mb=1.200 | dec=0.020 | adj=16
C163,1.05,0.7,1.4,1.2,0.02,12,0.49473684210526314,0.5700934579439252,0.018691588785046728,0.009345794392523364,0.09473684210526316,0.5,537.6368421052632,-0.37272503689129366,lt=1.050 | br=0.700 | cc=1.400 | mb=1.200 | dec=0.020 | adj=12
C224,1.1,0.7,1.2,1.4,0.02,16,0.5,0.5833333333333334,0.018518518518518517,0.018518518518518517,0.09473684210526316,0.48947368421052634,484.5315789473684,-0.3754385964912281,lt=1.100 | br=0.700 | cc=1.200 | mb=1.400 | dec=0.020 | adj=16
C253,1.1,0.85,1.3,1.4,0.01,12,0.5052631578947369,0.5925925925925926,0.027777777777777776,0.009259259259259259,0.08947368421052632,0.48947368421052634,460.85263157894735,-0.37680311890838203,lt=1.100 | br=0.850 | cc=1.300 | mb=1.400 | dec=0.010 | adj=12
C1,0.95,0.7,1.2,1.2,0.01,12,0.5,0.4537037037037037,0.027777777777777776,0.009259259259259259,0.3526315789473684,0.49473684210526314,479.4315789473684,-0.3773879142300195,lt=0.950 | br=0.700 | cc=1.200 | mb=1.200 | dec=0.010 | adj=12
C199,1.05,1.0,1.2,1.4,0.02,12,0.5105263157894737,0.6018518518518519,0.0,0.0,0.08421052631578947,0.48947368421052634,465.6684210526316,-0.37816764132553604,lt=1.050 | br=1.000 | cc=1.200 | mb=1.400 | dec=0.020 | adj=12
C137,1.0,1.0,1.4,1.2,0.01,12,0.5052631578947369,0.46296296296296297,0.027777777777777776,0.009259259259259259,0.3526315789473684,0.48947368421052634,506.37368421052633,-0.3787524366471735,lt=1.000 | br=1.000 | cc=1.400 | mb=1.200 | dec=0.010 | adj=12
C281,1.1,1.0,1.4,1.2,0.01,12,0.5052631578947369,0.5925925925925926,0.018518518518518517,0.009259259259259259,0.09473684210526316,0.48947368421052634,476.7578947368421,-0.37943469785575046,lt=1.100 | br=1.000 | cc=1.400 | mb=1.200 | dec=0.010 | adj=12
C20,0.95,0.7,1.4,1.2,0.02,16,0.5157894736842106,0.47706422018348627,0.009174311926605505,0.0,0.3526315789473684,0.4842105263157895,390.9157894736842,-0.3796957991308546,lt=0.950 | br=0.700 | cc=1.400 | mb=1.200 | dec=0.020 | adj=16
C76,1.0,0.7,1.2,1.2,0.02,16,0.5,0.46296296296296297,0.009259259259259259,0.009259259259259259,0.34210526315789475,0.49473684210526314,489.3157894736842,-0.38138401559454194,lt=1.000 | br=0.700 | cc=1.200 | mb=1.200 | dec=0.020 | adj=16
C118,1.0,0.85,1.4,1.4,0.01,16,0.5210526315789473,0.4818181818181818,0.01818181818181818,0.0,0.3631578947368421,0.4789473684210526,408.31052631578945,-0.38181818181818183,lt=1.000 | br=0.850 | cc=1.400 | mb=1.400 | dec=0.010 | adj=16
C2,0.95,0.7,1.2,1.2,0.01,16,0.5052631578947369,0.4636363636363636,0.01818181818181818,0.01818181818181818,0.3631578947368421,0.4842105263157895,410.11052631578946,-0.38205741626794254,lt=0.950 | br=0.700 | cc=1.200 | mb=1.200 | dec=0.010 | adj=16
C242,1.1,0.85,1.2,1.2,0.01,16,0.5052631578947369,0.5981308411214953,0.009345794392523364,0.0,0.08421052631578947,0.49473684210526314,433.29473684210524,-0.38234136743728475,lt=1.100 | br=0.850 | cc=1.200 | mb=1.200 | dec=0.010 | adj=16
C213,1.05,1.0,1.4,1.4,0.01,12,0.49473684210526314,0.5754716981132075,0.009433962264150943,0.009433962264150943,0.10526315789473684,0.5,558.1526315789474,-0.3833664349553128,lt=1.050 | br=1.000 | cc=1.400 | mb=1.400 | dec=0.010 | adj=12
C128,1.0,1.0,1.2,1.4,0.02,16,0.5105263157894737,0.46788990825688076,0.009174311926605505,0.0,0.3631578947368421,0.48947368421052634,495.09473684210525,-0.3836793819410913,lt=1.000 | br=1.000 | cc=1.200 | mb=1.400 | dec=0.020 | adj=16
C100,1.0,0.85,1.2,1.2,0.02,16,0.531578947368421,0.5,0.026785714285714284,0.0,0.3631578947368421,0.46842105263157896,321.38421052631577,-0.3842105263157895,lt=1.000 | br=0.850 | cc=1.200 | mb=1.200 | dec=0.020 | adj=16
C108,1.0,0.85,1.3,1.2,0.02,16,0.5157894736842106,0.4909090909090909,0.03636363636363636,0.01818181818181818,0.3473684210526316,0.47368421052631576,352.2842105263158,-0.385645933014354,lt=1.000 | br=0.850 | cc=1.300 | mb=1.200 | dec=0.020 | adj=16
C222,1.1,0.7,1.2,1.4,0.01,16,0.5,0.5943396226415094,0.0,0.0,0.08947368421052632,0.5,471.87368421052633,-0.3890764647467726,lt=1.100 | br=0.700 | cc=1.200 | mb=1.400 | dec=0.010 | adj=16
C258,1.1,0.85,1.4,1.2,0.01,16,0.5,0.5943396226415094,0.018867924528301886,0.0,0.08947368421052632,0.5,478.9684210526316,-0.3890764647467726,lt=1.100 | br=0.850 | cc=1.400 | mb=1.200 | dec=0.010 | adj=16
C25,0.95,0.85,1.2,1.2,0.01,12,0.5263157894736842,0.5135135135135135,0.0,0.0,0.3368421052631579,0.47368421052631576,355.0105263157895,-0.39246088193456613,lt=0.950 | br=0.850 | cc=1.200 | mb=1.200 | dec=0.010 | adj=12
C150,1.05,0.7,1.2,1.4,0.01,16,0.4789473684210526,0.5673076923076923,0.10576923076923077,0.019230769230769232,0.1,0.5105263157894737,608.6684210526316,-0.3936234817813765,lt=1.050 | br=0.700 | cc=1.200 | mb=1.400 | dec=0.010 | adj=16
C95,1.0,0.7,1.4,1.4,0.02,12,0.5157894736842106,0.5045871559633027,0.01834862385321101,0.0,0.3263157894736842,0.4842105263157895,390.06315789473683,-0.39406084017382903,lt=1.000 | br=0.700 | cc=1.400 | mb=1.400 | dec=0.020 | adj=12
C35,0.95,0.85,1.3,1.2,0.02,12,0.5105263157894737,0.5,0.027777777777777776,0.0,0.32105263157894737,0.48947368421052634,389.84736842105264,-0.39473684210526316,lt=0.950 | br=0.850 | cc=1.300 | mb=1.200 | dec=0.020 | adj=12
C105,1.0,0.85,1.3,1.2,0.01,12,0.5210526315789473,0.509090909090909,0.00909090909090909,0.0,0.3368421052631579,0.4789473684210526,393.85263157894735,-0.39593301435406697,lt=1.000 | br=0.850 | cc=1.300 | mb=1.200 | dec=0.010 | adj=12
C23,0.95,0.7,1.4,1.4,0.02,12,0.5052631578947369,0.48623853211009177,0.01834862385321101,0.009174311926605505,0.34210526315789475,0.48947368421052634,495.09473684210525,-0.39676484789956545,lt=0.950 | br=0.700 | cc=1.400 | mb=1.400 | dec=0.020 | adj=12
C92,1.0,0.7,1.4,1.2,0.02,16,0.5210526315789473,0.5181818181818182,0.0,0.0,0.32105263157894737,0.4789473684210526,409.7105263157895,-0.3971291866028709,lt=1.000 | br=0.700 | cc=1.400 | mb=1.200 | dec=0.020 | adj=16
C57,0.95,1.0,1.3,1.2,0.01,12,0.5368421052631579,0.5132743362831859,0.0,0.0,0.37894736842105264,0.4631578947368421,334.3157894736842,-0.3974848625989753,lt=0.950 | br=1.000 | cc=1.300 | mb=1.200 | dec=0.010 | adj=12
C94,1.0,0.7,1.4,1.4,0.01,16,0.5052631578947369,0.48148148148148145,0.027777777777777776,0.0,0.3526315789473684,0.49473684210526314,561.1947368421053,-0.39990253411306037,lt=1.000 | br=0.700 | cc=1.400 | mb=1.400 | dec=0.010 | adj=16
C75,1.0,0.7,1.2,1.2,0.02,12,0.5105263157894737,0.5,0.009259259259259259,0.0,0.33157894736842103,0.48947368421052634,467.2736842105263,-0.39999999999999997,lt=1.000 | br=0.700 | cc=1.200 | mb=1.200 | dec=0.020 | adj=12
C28,0.95,0.85,1.2,1.2,0.02,16,0.5263157894736842,0.5135135135135135,0.0,0.0,0.3526315789473684,0.47368421052631576,348.89473684210526,-0.40035561877667136,lt=0.950 | br=0.850 | cc=1.200 | mb=1.200 | dec=0.020 | adj=16
C93,1.0,0.7,1.4,1.4,0.01,12,0.5157894736842106,0.5045871559633027,0.0,0.0,0.34210526315789475,0.4842105263157895,431.12105263157895,-0.40195557701593426,lt=1.000 | br=0.700 | cc=1.400 | mb=1.400 | dec=0.010 | adj=12
C123,1.0,1.0,1.2,1.2,0.02,12,0.5105263157894737,0.5045871559633027,0.01834862385321101,0.0,0.33157894736842103,0.4842105263157895,382.13157894736844,-0.40195557701593426,lt=1.000 | br=1.000 | cc=1.200 | mb=1.200 | dec=0.020 | adj=12
C195,1.05,1.0,1.2,1.2,0.02,12,0.49473684210526314,0.6037735849056604,0.018867924528301886,0.009433962264150943,0.08947368421052632,0.5,498.7157894736842,-0.4037735849056604,lt=1.050 | br=1.000 | cc=1.200 | mb=1.200 | dec=0.020 | adj=12
C134,1.0,1.0,1.3,1.4,0.01,16,0.5368421052631579,0.5309734513274337,0.017699115044247787,0.0,0.35789473684210527,0.4631578947368421,235.71052631578948,-0.40465766185374946,lt=1.000 | br=1.000 | cc=1.300 | mb=1.400 | dec=0.010 | adj=16
C122,1.0,1.0,1.2,1.2,0.01,16,0.5210526315789473,0.5225225225225225,0.009009009009009009,0.0,0.33157894736842103,0.4789473684210526,291.33684210526314,-0.406733048838312,lt=1.000 | br=1.000 | cc=1.200 | mb=1.200 | dec=0.010 | adj=16
C280,1.1,1.0,1.3,1.4,0.02,16,0.48947368421052634,0.6,0.01904761904761905,0.01904761904761905,0.09473684210526316,0.5,500.55263157894734,-0.4078947368421052,lt=1.100 | br=1.000 | cc=1.300 | mb=1.400 | dec=0.020 | adj=16
C84,1.0,0.7,1.3,1.2,0.02,16,0.5210526315789473,0.5135135135135135,0.009009009009009009,0.009009009009009009,0.35789473684210527,0.47368421052631576,354.6421052631579,-0.40825035561877665,lt=1.000 | br=0.700 | cc=1.300 | mb=1.200 | dec=0.020 | adj=16
C61,0.95,1.0,1.3,1.4,0.01,12,0.5157894736842106,0.5137614678899083,0.027522935779816515,0.0,0.3368421052631579,0.4842105263157895,412.7578947368421,-0.4084983099951714,lt=0.950 | br=1.000 | cc=1.300 | mb=1.400 | dec=0.010 | adj=12
C206,1.05,1.0,1.3,1.4,0.01,16,0.4789473684210526,0.5769230769230769,0.057692307692307696,0.019230769230769232,0.10526315789473684,0.5157894736842106,634.8368421052631,-0.40850202429149796,lt=1.050 | br=1.000 | cc=1.300 | mb=1.400 | dec=0.010 | adj=16
C64,0.95,1.0,1.3,1.4,0.02,16,0.5210526315789473,0.509090909090909,0.00909090909090909,0.0,0.3631578947368421,0.4789473684210526,301.5473684210526,-0.40909090909090906,lt=0.950 | br=1.000 | cc=1.300 | mb=1.400 | dec=0.020 | adj=16
C71,0.95,1.0,1.4,1.4,0.02,12,0.5263157894736842,0.5225225225225225,0.0,0.0,0.3526315789473684,0.47368421052631576,369.7,-0.4093646277856804,lt=0.950 | br=1.000 | cc=1.400 | mb=1.400 | dec=0.020 | adj=12
C83,1.0,0.7,1.3,1.2,0.02,12,0.49473684210526314,0.4672897196261682,0.018691588785046728,0.009345794392523364,0.3736842105263158,0.5,552.3473684210526,-0.40939498278406294,lt=1.000 | br=0.700 | cc=1.300 | mb=1.200 | dec=0.020 | adj=12
C89,1.0,0.7,1.4,1.2,0.01,12,0.5157894736842106,0.5135135135135135,0.018018018018018018,0.0,0.3473684210526316,0.4789473684210526,403.7894736842105,-0.410881934566145,lt=1.000 | br=0.700 | cc=1.400 | mb=1.200 | dec=0.010 | adj=12
C56,0.95,1.0,1.2,1.4,0.02,16,0.5210526315789473,0.5272727272727272,0.00909090909090909,0.0,0.33157894736842103,0.4789473684210526,369.11578947368423,-0.41148325358851673,lt=0.950 | br=1.000 | cc=1.200 | mb=1.400 | dec=0.020 | adj=16
C51,0.95,1.0,1.2,1.2,0.02,12,0.5157894736842106,0.5229357798165137,0.0,0.0,0.3263157894736842,0.4842105263157895,368.9526315789474,-0.41240946402704004,lt=0.950 | br=1.000 | cc=1.200 | mb=1.200 | dec=0.020 | adj=12
C10,0.95,0.7,1.3,1.2,0.01,16,0.5105263157894737,0.5045871559633027,0.009174311926605505,0.0,0.3473684210526316,0.48947368421052634,501.9736842105263,-0.412481892805408,lt=0.950 | br=0.700 | cc=1.300 | mb=1.200 | dec=0.010 | adj=16
C174,1.05,0.85,1.2,1.4,0.01,16,0.49473684210526314,0.6132075471698113,0.009433962264150943,0.009433962264150943,0.08947368421052632,0.5,523.7315789473685,-0.41320754716981134,lt=1.050 | br=0.850 | cc=1.200 | mb=1.400 | dec=0.010 | adj=16
C45,0.95,0.85,1.4,1.4,0.01,12,0.5105263157894737,0.5045871559633027,0.009174311926605505,0.0,0.3526315789473684,0.48947368421052634,517.2894736842105,-0.41511347175277635,lt=0.950 | br=0.850 | cc=1.400 | mb=1.400 | dec=0.010 | adj=12
C65,0.95,1.0,1.4,1.2,0.01,12,0.5052631578947369,0.5185185185185185,0.009259259259259259,0.009259259259259259,0.3157894736842105,0.48947368421052634,437.0052631578947,-0.4158869395711501,lt=0.950 | br=1.000 | cc=1.400 | mb=1.200 | dec=0.010 | adj=12
C49,0.95,1.0,1.2,1.2,0.01,12,0.48947368421052634,0.4766355140186916,0.028037383177570093,0.009345794392523364,0.35789473684210527,0.5,516.5368421052632,-0.4161091982292179,lt=0.950 | br=1.000 | cc=1.200 | mb=1.200 | dec=0.010 | adj=12
C135,1.0,1.0,1.3,1.4,0.02,12,0.5210526315789473,0.5363636363636364,0.01818181818181818,0.0,0.3263157894736842,0.4789473684210526,310.10526315789474,-0.4179425837320575,lt=1.000 | br=1.000 | cc=1.300 | mb=1.400 | dec=0.020 | adj=12
C187,1.05,0.85,1.4,1.2,0.02,12,0.5052631578947369,0.6320754716981132,0.0,0.0,0.08947368421052632,0.49473684210526314,495.12631578947367,-0.4189175769612711,lt=1.050 | br=0.850 | cc=1.400 | mb=1.200 | dec=0.020 | adj=12
C17,0.95,0.7,1.4,1.2,0.01,12,0.5052631578947369,0.4953271028037383,0.028037383177570093,0.0,0.3631578947368421,0.49473684210526314,550.7684210526315,-0.4190113133300541,lt=0.950 | br=0.700 | cc=1.400 | mb=1.200 | dec=0.010 | adj=12
C91,1.0,0.7,1.4,1.2,0.02,12,0.5157894736842106,0.5137614678899083,0.027522935779816515,0.0,0.35789473684210527,0.4842105263157895,486.05263157894734,-0.41902462578464506,lt=1.000 | br=0.700 | cc=1.400 | mb=1.200 | dec=0.020 | adj=12
C66,0.95,1.0,1.4,1.2,0.01,16,0.5157894736842106,0.5181818181818182,0.02727272727272727,0.00909090909090909,0.35789473684210527,0.4789473684210526,398.08947368421053,-0.42081339712918653,lt=0.950 | br=1.000 | cc=1.400 | mb=1.200 | dec=0.010 | adj=16
C15,0.95,0.7,1.3,1.4,0.02,12,0.5052631578947369,0.5181818181818182,0.01818181818181818,0.01818181818181818,0.33157894736842103,0.4842105263157895,424.27894736842103,-0.4208133971291866,lt=0.950 | br=0.700 | cc=1.300 | mb=1.400 | dec=0.020 | adj=12
C68,0.95,1.0,1.4,1.2,0.02,16,0.5157894736842106,0.5229357798165137,0.01834862385321101,0.0,0.3473684210526316,0.4842105263157895,395.62105263157895,-0.4229357798165137,lt=0.950 | br=1.000 | cc=1.400 | mb=1.200 | dec=0.020 | adj=16
C88,1.0,0.7,1.3,1.4,0.02,16,0.5052631578947369,0.5185185185185185,0.027777777777777776,0.009259259259259259,0.3263157894736842,0.49473684210526314,459.14736842105265,-0.4237816764132553,lt=1.000 | br=0.700 | cc=1.300 | mb=1.400 | dec=0.020 | adj=16
C22,0.95,0.7,1.4,1.4,0.01,16,0.5052631578947369,0.514018691588785,0.028037383177570093,0.0,0.3368421052631579,0.49473684210526314,511.2473684210526,-0.4245450073782586,lt=0.950 | br=0.700 | cc=1.400 | mb=1.400 | dec=0.010 | adj=16
C30,0.95,0.85,1.2,1.4,0.01,16,0.5105263157894737,0.5229357798165137,0.009174311926605505,0.009174311926605505,0.34210526315789475,0.4842105263157895,415.13684210526316,-0.42556735876388213,lt=0.950 | br=0.850 | cc=1.200 | mb=1.400 | dec=0.010 | adj=16
C127,1.0,1.0,1.2,1.4,0.02,12,0.5105263157894737,0.5229357798165137,0.0,0.0,0.3368421052631579,0.48947368421052634,479.3,-0.42556735876388213,lt=1.000 | br=1.000 | cc=1.200 | mb=1.400 | dec=0.020 | adj=12
C158,1.05,0.7,1.3,1.4,0.01,16,0.4789473684210526,0.6,0.0761904761904762,0.01904761904761905,0.1,0.5105263157894737,607.2736842105263,-0.4263157894736842,lt=1.050 | br=0.700 | cc=1.300 | mb=1.400 | dec=0.010 | adj=16
C120,1.0,0.85,1.4,1.4,0.02,16,0.5,0.5185185185185185,0.018518518518518517,0.018518518518518517,0.32105263157894737,0.49473684210526314,477.0315789473684,-0.42641325536062374,lt=1.000 | br=0.850 | cc=1.400 | mb=1.400 | dec=0.020 | adj=16
C139,1.0,1.0,1.4,1.2,0.02,12,0.5105263157894737,0.5272727272727272,0.03636363636363636,0.01818181818181818,0.34210526315789475,0.4789473684210526,451.59473684210525,-0.4272727272727272,lt=1.000 | br=1.000 | cc=1.400 | mb=1.200 | dec=0.020 | adj=12
C3,0.95,0.7,1.2,1.2,0.02,12,0.5052631578947369,0.5092592592592593,0.037037037037037035,0.0,0.3526315789473684,0.49473684210526314,545.6210526315789,-0.4276803118908382,lt=0.950 | br=0.700 | cc=1.200 | mb=1.200 | dec=0.020 | adj=12
C132,1.0,1.0,1.3,1.2,0.02,16,0.5052631578947369,0.5092592592592593,0.0,0.0,0.3526315789473684,0.49473684210526314,500.9789473684211,-0.4276803118908382,lt=1.000 | br=1.000 | cc=1.300 | mb=1.200 | dec=0.020 | adj=16
C12,0.95,0.7,1.3,1.2,0.02,16,0.5105263157894737,0.5277777777777778,0.009259259259259259,0.0,0.33157894736842103,0.48947368421052634,505.0842105263158,-0.42777777777777776,lt=0.950 | br=0.700 | cc=1.300 | mb=1.200 | dec=0.020 | adj=16
C16,0.95,0.7,1.3,1.4,0.02,16,0.5157894736842106,0.5321100917431193,0.009174311926605505,0.0,0.34210526315789475,0.4842105263157895,392.34736842105264,-0.42947851279575083,lt=0.950 | br=0.700 | cc=1.300 | mb=1.400 | dec=0.020 | adj=16
C144,1.0,1.0,1.4,1.4,0.02,16,0.5052631578947369,0.514018691588785,0.0,0.0,0.3473684210526316,0.49473684210526314,405.70526315789476,-0.4298081652729955,lt=1.000 | br=1.000 | cc=1.400 | mb=1.400 | dec=0.020 | adj=16
C4,0.95,0.7,1.2,1.2,0.02,16,0.48947368421052634,0.5094339622641509,0.018867924528301886,0.018867924528301886,0.32105263157894737,0.5,475.83684210526314,-0.4304865938430983,lt=0.950 | br=0.700 | cc=1.200 | mb=1.200 | dec=0.020 | adj=16
C48,0.95,0.85,1.4,1.4,0.02,16,0.5105263157894737,0.5321100917431193,0.0,0.0,0.33157894736842103,0.48947368421052634,385.88421052631577,-0.43211009174311926,lt=0.950 | br=0.850 | cc=1.400 | mb=1.400 | dec=0.020 | adj=16
C59,0.95,1.0,1.3,1.2,0.02,12,0.5157894736842106,0.5412844036697247,0.009174311926605505,0.0,0.33157894736842103,0.4842105263157895,419.6,-0.4333896668276194,lt=0.950 | br=1.000 | cc=1.300 | mb=1.200 | dec=0.020 | adj=12
C257,1.1,0.85,1.4,1.2,0.01,12,0.4631578947368421,0.5865384615384616,0.038461538461538464,0.028846153846153848,0.10526315789473684,0.5157894736842106,570.4894736842106,-0.43390688259109317,lt=1.100 | br=0.850 | cc=1.400 | mb=1.200 | dec=0.010 | adj=12
C52,0.95,1.0,1.2,1.2,0.02,16,0.5157894736842106,0.5321100917431193,0.027522935779816515,0.0,0.3526315789473684,0.4842105263157895,427.9,-0.43474167069048764,lt=0.950 | br=1.000 | cc=1.200 | mb=1.200 | dec=0.020 | adj=16
C7,0.95,0.7,1.2,1.4,0.02,12,0.5,0.514018691588785,0.009345794392523364,0.009345794392523364,0.3473684210526316,0.49473684210526314,511.9421052631579,-0.43507132316773234,lt=0.950 | br=0.700 | cc=1.200 | mb=1.400 | dec=0.020 | adj=12
C5,0.95,0.7,1.2,1.4,0.01,12,0.5157894736842106,0.5412844036697247,0.0,0.0,0.3368421052631579,0.4842105263157895,427.9947368421053,-0.43602124577498785,lt=0.950 | br=0.700 | cc=1.200 | mb=1.400 | dec=0.010 | adj=12
C111,1.0,0.85,1.3,1.4,0.02,12,0.5052631578947369,0.5233644859813084,0.04672897196261682,0.0,0.34210526315789475,0.49473684210526314,461.87368421052633,-0.4365223807181504,lt=1.000 | br=0.850 | cc=1.300 | mb=1.400 | dec=0.020 | adj=12
C47,0.95,0.85,1.4,1.4,0.02,12,0.5,0.5185185185185185,0.037037037037037035,0.009259259259259259,0.3473684210526316,0.48947368421052634,536.5,-0.43693957115009746,lt=0.950 | br=0.850 | cc=1.400 | mb=1.400 | dec=0.020 | adj=12
C41,0.95,0.85,1.4,1.2,0.01,12,0.5105263157894737,0.5321100917431193,0.03669724770642202,0.0,0.3473684210526316,0.4842105263157895,436.5736842105263,-0.4373732496378561,lt=0.950 | br=0.850 | cc=1.400 | mb=1.200 | dec=0.010 | adj=12
C129,1.0,1.0,1.3,1.2,0.01,12,0.5,0.514018691588785,0.009345794392523364,0.0,0.3473684210526316,0.5,472.5263157894737,-0.43770290211510077,lt=1.000 | br=1.000 | cc=1.300 | mb=1.200 | dec=0.010 | adj=12
C81,1.0,0.7,1.3,1.2,0.01,12,0.5,0.5092592592592593,0.009259259259259259,0.009259259259259259,0.3631578947368421,0.49473684210526314,479.10526315789474,-0.43820662768031193,lt=1.000 | br=0.700 | cc=1.300 | mb=1.200 | dec=0.010 | adj=12
C19,0.95,0.7,1.4,1.2,0.02,12,0.48947368421052634,0.5046728971962616,0.028037383177570093,0.018691588785046728,0.3473684210526316,0.5,505.5263157894737,-0.4388834235120511,lt=0.950 | br=0.700 | cc=1.400 | mb=1.200 | dec=0.020 | adj=12
C103,1.0,0.85,1.2,1.4,0.02,12,0.5105263157894737,0.5370370370370371,0.027777777777777776,0.0,0.3368421052631579,0.48947368421052634,444.14736842105265,-0.4396686159844055,lt=1.000 | br=0.850 | cc=1.200 | mb=1.400 | dec=0.020 | adj=12
C6,0.95,0.7,1.2,1.4,0.01,16,0.5052631578947369,0.5277777777777778,0.027777777777777776,0.009259259259259259,0.34210526315789475,0.49473684210526314,515.4684210526316,-0.44093567251461985,lt=0.950 | br=0.700 | cc=1.200 | mb=1.400 | dec=0.010 | adj=16
C107,1.0,0.85,1.3,1.2,0.02,12,0.5052631578947369,0.5229357798165137,0.01834862385321101,0.009174311926605505,0.35789473684210527,0.48947368421052634,440.1,-0.44135683244809265,lt=1.000 | br=0.850 | cc=1.300 | mb=1.200 | dec=0.020 | adj=12
C9,0.95,0.7,1.3,1.2,0.01,12,0.48947368421052634,0.5,0.0660377358490566,0.009433962264150943,0.35789473684210527,0.5052631578947369,595.8631578947368,-0.4421052631578947,lt=0.950 | br=0.700 | cc=1.300 | mb=1.200 | dec=0.010 | adj=12
C72,0.95,1.0,1.4,1.4,0.02,16,0.531578947368421,0.5752212389380531,0.008849557522123894,0.0,0.3368421052631579,0.46842105263157896,370.5263157894737,-0.4462738705170005,lt=0.950 | br=1.000 | cc=1.400 | mb=1.400 | dec=0.020 | adj=16
C70,0.95,1.0,1.4,1.4,0.01,16,0.48947368421052634,0.5094339622641509,0.018867924528301886,0.018867924528301886,0.3526315789473684,0.5,613.4421052631579,-0.4462760675273088,lt=0.950 | br=1.000 | cc=1.400 | mb=1.400 | dec=0.010 | adj=16
C110,1.0,0.85,1.3,1.4,0.01,16,0.5105263157894737,0.5412844036697247,0.009174311926605505,0.009174311926605505,0.3473684210526316,0.4842105263157895,430.09473684210525,-0.44654756156446157,lt=1.000 | br=0.850 | cc=1.300 | mb=1.400 | dec=0.010 | adj=16
C126,1.0,1.0,1.2,1.4,0.01,16,0.49473684210526314,0.5188679245283019,0.04716981132075472,0.009433962264150943,0.3473684210526316,0.5,510.4894736842105,-0.4478152929493545,lt=1.000 | br=1.000 | cc=1.200 | mb=1.400 | dec=0.010 | adj=16
C131,1.0,1.0,1.3,1.2,0.02,12,0.5105263157894737,0.5412844036697247,0.009174311926605505,0.009174311926605505,0.35789473684210527,0.4842105263157895,433.81052631578945,-0.4518107194591984,lt=1.000 | br=1.000 | cc=1.300 | mb=1.200 | dec=0.020 | adj=12
C58,0.95,1.0,1.3,1.2,0.01,16,0.49473684210526314,0.5233644859813084,0.018691588785046728,0.009345794392523364,0.3473684210526316,0.5,480.15263157894736,-0.452311854402361,lt=0.950 | br=1.000 | cc=1.300 | mb=1.200 | dec=0.010 | adj=16
C60,0.95,1.0,1.3,1.2,0.02,16,0.4789473684210526,0.5,0.03773584905660377,0.02830188679245283,0.3473684210526316,0.5157894736842106,539.7105263157895,-0.4526315789473685,lt=0.950 | br=1.000 | cc=1.300 | mb=1.200 | dec=0.020 | adj=16
C138,1.0,1.0,1.4,1.2,0.01,16,0.5105263157894737,0.5555555555555556,0.009259259259259259,0.0,0.3263157894736842,0.48947368421052634,433.86315789473684,-0.4529239766081872,lt=1.000 | br=1.000 | cc=1.400 | mb=1.200 | dec=0.010 | adj=16
C140,1.0,1.0,1.4,1.2,0.02,16,0.5105263157894737,0.5555555555555556,0.009259259259259259,0.0,0.3263157894736842,0.48947368421052634,418.0736842105263,-0.4529239766081872,lt=1.000 | br=1.000 | cc=1.400 | mb=1.200 | dec=0.020 | adj=16
C143,1.0,1.0,1.4,1.4,0.02,12,0.49473684210526314,0.5188679245283019,0.018867924528301886,0.009433962264150943,0.35789473684210527,0.5,580.7263157894737,-0.4530784508440914,lt=1.000 | br=1.000 | cc=1.400 | mb=1.400 | dec=0.020 | adj=12
C86,1.0,0.7,1.3,1.4,0.01,16,0.5210526315789473,0.5636363636363636,0.00909090909090909,0.0,0.34210526315789475,0.4789473684210526,391.64736842105265,-0.45311004784688996,lt=1.000 | br=0.700 | cc=1.300 | mb=1.400 | dec=0.010 | adj=16
C114,1.0,0.85,1.4,1.2,0.01,16,0.5210526315789473,0.5636363636363636,0.0,0.0,0.34210526315789475,0.4789473684210526,370.5736842105263,-0.45311004784688996,lt=1.000 | br=0.850 | cc=1.400 | mb=1.200 | dec=0.010 | adj=16
C96,1.0,0.7,1.4,1.4,0.02,16,0.5157894736842106,0.5596330275229358,0.01834862385321101,0.0,0.3368421052631579,0.4842105263157895,372.5210526315789,-0.45436986962819886,lt=1.000 | br=0.700 | cc=1.400 | mb=1.400 | dec=0.020 | adj=16
C74,1.0,0.7,1.2,1.2,0.01,16,0.5210526315789473,0.5545454545454546,0.00909090909090909,0.0,0.3631578947368421,0.4789473684210526,393.65263157894736,-0.4545454545454546,lt=1.000 | br=0.700 | cc=1.200 | mb=1.200 | dec=0.010 | adj=16
C29,0.95,0.85,1.2,1.4,0.01,12,0.5210526315789473,0.5727272727272728,0.0,0.0,0.33157894736842103,0.4789473684210526,389.68947368421055,-0.45693779904306225,lt=0.950 | br=0.850 | cc=1.200 | mb=1.400 | dec=0.010 | adj=12
C142,1.0,1.0,1.4,1.4,0.01,16,0.5157894736842106,0.5596330275229358,0.009174311926605505,0.0,0.34210526315789475,0.4842105263157895,439.7684210526316,-0.4570014485755673,lt=1.000 | br=1.000 | cc=1.400 | mb=1.400 | dec=0.010 | adj=16
C73,1.0,0.7,1.2,1.2,0.01,12,0.49473684210526314,0.5188679245283019,0.03773584905660377,0.0,0.3631578947368421,0.5052631578947369,623.5947368421052,-0.45834160873882823,lt=1.000 | br=0.700 | cc=1.200 | mb=1.200 | dec=0.010 | adj=12
C104,1.0,0.85,1.2,1.4,0.02,16,0.5210526315789473,0.5636363636363636,0.02727272727272727,0.0,0.3526315789473684,0.4789473684210526,441.3157894736842,-0.45837320574162677,lt=1.000 | br=0.850 | cc=1.200 | mb=1.400 | dec=0.020 | adj=16
C69,0.95,1.0,1.4,1.4,0.01,12,0.5052631578947369,0.5412844036697247,0.045871559633027525,0.009174311926605505,0.35789473684210527,0.48947368421052634,532.5105263157894,-0.45970545630130366,lt=0.950 | br=1.000 | cc=1.400 | mb=1.400 | dec=0.010 | adj=12
C14,0.95,0.7,1.3,1.4,0.01,16,0.5105263157894737,0.5555555555555556,0.009259259259259259,0.0,0.34210526315789475,0.48947368421052634,452.65263157894736,-0.4608187134502924,lt=0.950 | br=0.700 | cc=1.300 | mb=1.400 | dec=0.010 | adj=16
C21,0.95,0.7,1.4,1.4,0.01,12,0.5105263157894737,0.5555555555555556,0.0,0.0,0.34210526315789475,0.48947368421052634,475.4157894736842,-0.4608187134502924,lt=0.950 | br=0.700 | cc=1.400 | mb=1.400 | dec=0.010 | adj=12
C13,0.95,0.7,1.3,1.4,0.01,12,0.49473684210526314,0.5327102803738317,0.018691588785046728,0.018691588785046728,0.3526315789473684,0.49473684210526314,450.8263157894737,-0.46165764879488436,lt=0.950 | br=0.700 | cc=1.300 | mb=1.400 | dec=0.010 | adj=12
C90,1.0,0.7,1.4,1.2,0.01,16,0.5263157894736842,0.5803571428571429,0.026785714285714284,0.0,0.3473684210526316,0.46842105263157896,335.38947368421054,-0.46193609022556403,lt=1.000 | br=0.700 | cc=1.400 | mb=1.200 | dec=0.010 | adj=16
C31,0.95,0.85,1.2,1.4,0.02,12,0.4789473684210526,0.5094339622641509,0.03773584905660377,0.02830188679245283,0.3473684210526316,0.5157894736842106,514.1105263157895,-0.46206554121151944,lt=0.950 | br=0.850 | cc=1.200 | mb=1.400 | dec=0.020 | adj=12
C141,1.0,1.0,1.4,1.4,0.01,12,0.49473684210526314,0.5333333333333333,0.02857142857142857,0.0,0.34210526315789475,0.5052631578947369,535.9736842105264,-0.46228070175438596,lt=1.000 | br=1.000 | cc=1.400 | mb=1.400 | dec=0.010 | adj=12
C106,1.0,0.85,1.3,1.2,0.01,16,0.5157894736842106,0.5596330275229358,0.009174311926605505,0.0,0.35789473684210527,0.4842105263157895,448.5421052631579,-0.4648961854176725,lt=1.000 | br=0.850 | cc=1.300 | mb=1.200 | dec=0.010 | adj=16
C39,0.95,0.85,1.3,1.4,0.02,12,0.5052631578947369,0.5555555555555556,0.009259259259259259,0.009259259259259259,0.34210526315789475,0.48947368421052634,438.6578947368421,-0.46608187134502926,lt=0.950 | br=0.850 | cc=1.300 | mb=1.400 | dec=0.020 | adj=12
C87,1.0,0.7,1.3,1.4,0.02,12,0.5157894736842106,0.5779816513761468,0.0,0.0,0.3263157894736842,0.4842105263157895,454.89473684210526,-0.46745533558667307,lt=1.000 | br=0.700 | cc=1.300 | mb=1.400 | dec=0.020 | adj=12
C37,0.95,0.85,1.3,1.4,0.01,12,0.49473684210526314,0.5420560747663551,0.037383177570093455,0.018691588785046728,0.3473684210526316,0.49473684210526314,499.58947368421053,-0.4683718642400393,lt=0.950 | br=0.850 | cc=1.300 | mb=1.400 | dec=0.010 | adj=12
C24,0.95,0.7,1.4,1.4,0.02,16,0.49473684210526314,0.5333333333333333,0.009523809523809525,0.0,0.35789473684210527,0.5052631578947369,581.0315789473684,-0.47017543859649125,lt=0.950 | br=0.700 | cc=1.400 | mb=1.400 | dec=0.020 | adj=16
C67,0.95,1.0,1.4,1.2,0.02,12,0.5052631578947369,0.5420560747663551,0.028037383177570093,0.0,0.3736842105263158,0.49473684210526314,495.2894736842105,-0.4710034431874077,lt=0.950 | br=1.000 | cc=1.400 | mb=1.200 | dec=0.020 | adj=12
C44,0.95,0.85,1.4,1.2,0.02,16,0.5,0.5566037735849056,0.018867924528301886,0.009433962264150943,0.3368421052631579,0.49473684210526314,534.9842105263158,-0.47239324726911613,lt=0.950 | br=0.850 | cc=1.400 | mb=1.200 | dec=0.020 | adj=16
C36,0.95,0.85,1.3,1.2,0.02,16,0.49473684210526314,0.5420560747663551,0.018691588785046728,0.018691588785046728,0.3526315789473684,0.5,506.5,-0.47363502213477615,lt=0.950 | br=0.850 | cc=1.300 | mb=1.200 | dec=0.020 | adj=16
C63,0.95,1.0,1.3,1.4,0.02,12,0.5157894736842106,0.5688073394495413,0.009174311926605505,0.0,0.35789473684210527,0.4842105263157895,389.83684210526314,-0.4740704973442781,lt=0.950 | br=1.000 | cc=1.300 | mb=1.400 | dec=0.020 | adj=12
C46,0.95,0.85,1.4,1.4,0.01,16,0.48947368421052634,0.5471698113207547,0.09433962264150944,0.009433962264150943,0.3263157894736842,0.5105263157894737,596.3631578947368,-0.47611717974180734,lt=0.950 | br=0.850 | cc=1.400 | mb=1.400 | dec=0.010 | adj=16
C85,1.0,0.7,1.3,1.4,0.01,12,0.49473684210526314,0.5420560747663551,0.056074766355140186,0.018691588785046728,0.3526315789473684,0.5052631578947369,571.9631578947368,-0.4762666010821446,lt=1.000 | br=0.700 | cc=1.300 | mb=1.400 | dec=0.010 | adj=12
C11,0.95,0.7,1.3,1.2,0.02,12,0.5210526315789473,0.5855855855855856,0.009009009009009009,0.0,0.3473684210526316,0.4789473684210526,427.5315789473684,-0.4776908487434804,lt=0.950 | br=0.700 | cc=1.300 | mb=1.200 | dec=0.020 | adj=12
C77,1.0,0.7,1.2,1.4,0.01,12,0.48947368421052634,0.5420560747663551,0.037383177570093455,0.028037383177570093,0.35789473684210527,0.49473684210526314,539.0947368421052,-0.47889818002951295,lt=1.000 | br=0.700 | cc=1.200 | mb=1.400 | dec=0.010 | adj=12
C99,1.0,0.85,1.2,1.2,0.02,12,0.5052631578947369,0.5555555555555556,0.037037037037037035,0.0,0.3631578947368421,0.49473684210526314,553.2842105263157,-0.47923976608187135,lt=1.000 | br=0.850 | cc=1.200 | mb=1.200 | dec=0.020 | adj=12
C109,1.0,0.85,1.3,1.4,0.01,12,0.5105263157894737,0.5833333333333334,0.009259259259259259,0.0,0.3263157894736842,0.48947368421052634,420.27894736842103,-0.48070175438596496,lt=1.000 | br=0.850 | cc=1.300 | mb=1.400 | dec=0.010 | adj=12
C119,1.0,0.85,1.4,1.4,0.02,12,0.5105263157894737,0.5688073394495413,0.045871559633027525,0.0,0.35789473684210527,0.48947368421052634,484.5473684210526,-0.4819652341863834,lt=1.000 | br=0.850 | cc=1.400 | mb=1.400 | dec=0.020 | adj=12
C124,1.0,1.0,1.2,1.2,0.02,16,0.5,0.5700934579439252,0.018691588785046728,0.009345794392523364,0.33157894736842103,0.49473684210526314,455.65263157894736,-0.48325135268076724,lt=1.000 | br=1.000 | cc=1.200 | mb=1.200 | dec=0.020 | adj=16
C54,0.95,1.0,1.2,1.4,0.01,16,0.4789473684210526,0.5333333333333333,0.05714285714285714,0.01904761904761905,0.3473684210526316,0.5105263157894737,649.6052631578947,-0.4833333333333334,lt=0.950 | br=1.000 | cc=1.200 | mb=1.400 | dec=0.010 | adj=16
C27,0.95,0.85,1.2,1.2,0.02,12,0.48947368421052634,0.5523809523809524,0.0380952380952381,0.009523809523809525,0.34210526315789475,0.5052631578947369,538.6421052631579,-0.4865914786967419,lt=0.950 | br=0.850 | cc=1.200 | mb=1.200 | dec=0.020 | adj=12
C32,0.95,0.85,1.2,1.4,0.02,16,0.4789473684210526,0.5333333333333333,0.02857142857142857,0.02857142857142857,0.3631578947368421,0.5052631578947369,630.4526315789474,-0.4885964912280702,lt=0.950 | br=0.850 | cc=1.200 | mb=1.400 | dec=0.020 | adj=16
C26,0.95,0.85,1.2,1.2,0.01,16,0.48947368421052634,0.5428571428571428,0.05714285714285714,0.009523809523809525,0.3736842105263158,0.5052631578947369,609.9526315789474,-0.49285714285714277,lt=0.950 | br=0.850 | cc=1.200 | mb=1.200 | dec=0.010 | adj=16
C82,1.0,0.7,1.3,1.2,0.01,16,0.5052631578947369,0.5871559633027523,0.027522935779816515,0.009174311926605505,0.3368421052631579,0.48947368421052634,455.92105263157896,-0.4950507001448575,lt=1.000 | br=0.700 | cc=1.300 | mb=1.200 | dec=0.010 | adj=16
C113,1.0,0.85,1.4,1.2,0.01,12,0.5052631578947369,0.5740740740740741,0.018518518518518517,0.0,0.3631578947368421,0.48947368421052634,478.0736842105263,-0.4951267056530214,lt=1.000 | br=0.850 | cc=1.400 | mb=1.200 | dec=0.010 | adj=12
C125,1.0,1.0,1.2,1.4,0.01,12,0.5052631578947369,0.5925925925925926,0.009259259259259259,0.009259259259259259,0.33157894736842103,0.48947368421052634,415.1421052631579,-0.49785575048732933,lt=1.000 | br=1.000 | cc=1.200 | mb=1.400 | dec=0.010 | adj=12
C133,1.0,1.0,1.3,1.4,0.01,12,0.5052631578947369,0.5925925925925926,0.037037037037037035,0.009259259259259259,0.33157894736842103,0.48947368421052634,473.35263157894735,-0.49785575048732933,lt=1.000 | br=1.000 | cc=1.300 | mb=1.400 | dec=0.010 | adj=12
C98,1.0,0.85,1.2,1.2,0.01,16,0.5,0.5794392523364486,0.018691588785046728,0.0,0.34210526315789475,0.5,511.92105263157896,-0.5004918839153959,lt=1.000 | br=0.850 | cc=1.200 | mb=1.200 | dec=0.010 | adj=16
C136,1.0,1.0,1.3,1.4,0.02,16,0.49473684210526314,0.5871559633027523,0.03669724770642202,0.03669724770642202,0.34210526315789475,0.4842105263157895,472.7894736842105,-0.5055770159343312,lt=1.000 | br=1.000 | cc=1.300 | mb=1.400 | dec=0.020 | adj=16
C38,0.95,0.85,1.3,1.4,0.01,16,0.5,0.5794392523364486,0.04672897196261682,0.0,0.35789473684210527,0.49473684210526314,562.3315789473684,-0.5057550418101328,lt=0.950 | br=0.850 | cc=1.300 | mb=1.400 | dec=0.010 | adj=16
C53,0.95,1.0,1.2,1.4,0.01,12,0.5263157894736842,0.6306306306306306,0.009009009009009009,0.0,0.3368421052631579,0.47368421052631576,369.84736842105264,-0.5095779990516832,lt=0.950 | br=1.000 | cc=1.200 | mb=1.400 | dec=0.010 | adj=12
C40,0.95,0.85,1.3,1.4,0.02,16,0.4842105263157895,0.5754716981132075,0.08490566037735849,0.018867924528301886,0.33157894736842103,0.5105263157894737,547.6157894736842,-0.5123138033763655,lt=0.950 | br=0.850 | cc=1.300 | mb=1.400 | dec=0.020 | adj=16
C79,1.0,0.7,1.2,1.4,0.02,12,0.48947368421052634,0.5754716981132075,0.0660377358490566,0.018867924528301886,0.3526315789473684,0.5052631578947369,640.1473684210526,-0.5149453823237338,lt=1.000 | br=0.700 | cc=1.200 | mb=1.400 | dec=0.020 | adj=12
C117,1.0,0.85,1.4,1.4,0.01,12,0.48947368421052634,0.5754716981132075,0.018867924528301886,0.018867924528301886,0.35789473684210527,0.5052631578947369,559.5631578947368,-0.5175769612711023,lt=1.000 | br=0.850 | cc=1.400 | mb=1.400 | dec=0.010 | adj=12
C121,1.0,1.0,1.2,1.2,0.01,12,0.49473684210526314,0.5887850467289719,0.028037383177570093,0.018691588785046728,0.3526315789473684,0.49473684210526314,544.4736842105264,-0.5177324151500245,lt=1.000 | br=1.000 | cc=1.200 | mb=1.200 | dec=0.010 | adj=12
C55,0.95,1.0,1.2,1.4,0.02,12,0.48947368421052634,0.5754716981132075,0.009433962264150943,0.009433962264150943,0.3631578947368421,0.5052631578947369,592.3210526315789,-0.5202085402184706,lt=0.950 | br=1.000 | cc=1.200 | mb=1.400 | dec=0.020 | adj=12
C34,0.95,0.85,1.3,1.2,0.01,16,0.5052631578947369,0.6055045871559633,0.01834862385321101,0.009174311926605505,0.3684210526315789,0.48947368421052634,443.7315789473684,-0.5291887976822791,lt=0.950 | br=0.850 | cc=1.300 | mb=1.200 | dec=0.010 | adj=16
C42,0.95,0.85,1.4,1.2,0.01,16,0.49473684210526314,0.6132075471698113,0.018867924528301886,0.009433962264150943,0.3473684210526316,0.5,564.9842105263158,-0.5421549155908639,lt=0.950 | br=0.850 | cc=1.400 | mb=1.200 | dec=0.010 | adj=16
C8,0.95,0.7,1.2,1.4,0.02,16,0.5,0.6203703703703703,0.009259259259259259,0.009259259259259259,0.35789473684210527,0.49473684210526314,514.1210526315789,-0.5466861598440546,lt=0.950 | br=0.700 | cc=1.200 | mb=1.400 | dec=0.020 | adj=16
C112,1.0,0.85,1.3,1.4,0.02,16,0.48947368421052634,0.6095238095238096,0.01904761904761905,0.01904761904761905,0.3631578947368421,0.5052631578947369,599.0368421052632,-0.5542606516290727,lt=1.000 | br=0.850 | cc=1.300 | mb=1.400 | dec=0.020 | adj=16
C33,0.95,0.85,1.3,1.2,0.01,12,0.48947368421052634,0.6285714285714286,0.01904761904761905,0.009523809523809525,0.3473684210526316,0.5052631578947369,518.1,-0.5654135338345865,lt=0.950 | br=0.850 | cc=1.300 | mb=1.200 | dec=0.010 | adj=12
C130,1.0,1.0,1.3,1.2,0.01,16,0.46842105263157896,0.6213592233009708,0.05825242718446602,0.038834951456310676,0.3526315789473684,0.5263157894736842,676.4631578947368,-0.5924118548799182,lt=1.000 | br=1.000 | cc=1.300 | mb=1.200 | dec=0.010 | adj=16
